-- MySQL Script generated by MySQL Workbench
-- Thu Feb 15 02:23:14 2024
-- Model: New Model    Version: 1.0
-- MySQL Workbench Forward Engineering

SET @OLD_UNIQUE_CHECKS=@@UNIQUE_CHECKS, UNIQUE_CHECKS=0;
SET @OLD_FOREIGN_KEY_CHECKS=@@FOREIGN_KEY_CHECKS, FOREIGN_KEY_CHECKS=0;
SET @OLD_SQL_MODE=@@SQL_MODE, SQL_MODE='ONLY_FULL_GROUP_BY,STRICT_TRANS_TABLES,NO_ZERO_IN_DATE,NO_ZERO_DATE,ERROR_FOR_DIVISION_BY_ZERO,NO_ENGINE_SUBSTITUTION';

-- -----------------------------------------------------
-- Schema mydb
-- -----------------------------------------------------

-- -----------------------------------------------------
-- Schema mydb
-- -----------------------------------------------------
CREATE SCHEMA IF NOT EXISTS `mydb` DEFAULT CHARACTER SET utf8 ;
USE `mydb` ;

-- -----------------------------------------------------
-- Table `mydb`.`Municipalite`
-- -----------------------------------------------------
DROP TABLE IF EXISTS `mydb`.`Municipalite` ;

CREATE TABLE IF NOT EXISTS `mydb`.`Municipalite` (
  `idMunicipalite` INT NOT NULL,
  `nomMunicipalite` VARCHAR(45) NULL,
  PRIMARY KEY (`idMunicipalite`))
ENGINE = InnoDB;


-- -----------------------------------------------------
-- Table `mydb`.`adresse`
-- -----------------------------------------------------
DROP TABLE IF EXISTS `mydb`.`adresse` ;

CREATE TABLE IF NOT EXISTS `mydb`.`adresse` (
  `idAdresse` INT NOT NULL,
  `numRue` VARCHAR(45) NOT NULL,
  `nomRue` VARCHAR(45) NOT NULL,
  `nomVille` VARCHAR(45) NOT NULL,
  `nomProvince` VARCHAR(45) NOT NULL,
  `codePostal` VARCHAR(45) NOT NULL,
  `idMunicipalite` INT NULL,
  PRIMARY KEY (`idAdresse`),
  UNIQUE INDEX `idAdresse_UNIQUE` (`idAdresse` ASC) ,
  INDEX `fk_municipalite_idx` (`idMunicipalite` ASC) ,
  CONSTRAINT `fk_municipalite`
    FOREIGN KEY (`idMunicipalite`)
    REFERENCES `mydb`.`Municipalite` (`idMunicipalite`)
    ON DELETE NO ACTION
    ON UPDATE NO ACTION)
ENGINE = InnoDB;


-- -----------------------------------------------------
-- Table `mydb`.`utilisateur`
-- -----------------------------------------------------
DROP TABLE IF EXISTS `mydb`.`utilisateur` ;

CREATE TABLE IF NOT EXISTS `mydb`.`utilisateur` (
  `idUtilisateur` INT NOT NULL AUTO_INCREMENT,
  `firstLogin` VARCHAR(45) BINARY NOT NULL,
  `username` VARCHAR(45) NOT NULL,
  `password` VARCHAR(45) NOT NULL,
  PRIMARY KEY (`idUtilisateur`, `username`, `password`),
  UNIQUE INDEX `idUtilisateur_UNIQUE` (`idUtilisateur` ASC) )
ENGINE = InnoDB;


-- -----------------------------------------------------
-- Table `mydb`.`patient`
-- -----------------------------------------------------
DROP TABLE IF EXISTS `mydb`.`patient` ;

CREATE TABLE IF NOT EXISTS `mydb`.`patient` (
  `idPatient` INT NOT NULL AUTO_INCREMENT,
  `nomPatient` VARCHAR(45) NOT NULL,
  `prenomPatient` VARCHAR(45) NOT NULL,
  `ramqPatient` VARCHAR(15) NOT NULL,
  `numSequence` CHAR(2) NOT NULL,
  `dateNaissance` DATE NOT NULL,
  `sexePatient` CHAR(1) NOT NULL,
  `courrielPatient` VARCHAR(45) NOT NULL,
  `patient_idAdresse` INT NOT NULL,
  `patient_idUtilisateur` INT NOT NULL,
  PRIMARY KEY (`idPatient`, `patient_idAdresse`, `patient_idUtilisateur`),
  UNIQUE INDEX `ramqPatient_UNIQUE` (`ramqPatient` ASC) ,
  INDEX `idUtilisateur_idx` (`patient_idUtilisateur` ASC) ,
  UNIQUE INDEX `idPatient_UNIQUE` (`idPatient` ASC) ,
  CONSTRAINT `fk_patient_idAdresse`
    FOREIGN KEY (`patient_idAdresse`)
    REFERENCES `mydb`.`adresse` (`idAdresse`)
    ON DELETE NO ACTION
    ON UPDATE NO ACTION,
  CONSTRAINT `fk_patient_idUtilisateur`
    FOREIGN KEY (`patient_idUtilisateur`)
    REFERENCES `mydb`.`utilisateur` (`idUtilisateur`)
    ON DELETE NO ACTION
    ON UPDATE NO ACTION)
ENGINE = InnoDB;


-- -----------------------------------------------------
-- Table `mydb`.`clinique`
-- -----------------------------------------------------
DROP TABLE IF EXISTS `mydb`.`clinique` ;

CREATE TABLE IF NOT EXISTS `mydb`.`clinique` (
  `idClinique` INT NOT NULL AUTO_INCREMENT,
  `nomClinique` VARCHAR(45) NOT NULL,
  `courrielClinique` VARCHAR(45) NOT NULL,
  `telClinique` VARCHAR(45) NOT NULL,
  `Clinique_idAdresse` INT NOT NULL,
  `Clinique_idUtilisateur` INT NOT NULL,
  PRIMARY KEY (`idClinique`, `Clinique_idAdresse`, `Clinique_idUtilisateur`),
  INDEX `idAdresse_idx` (`Clinique_idAdresse` ASC) ,
  INDEX `idUtilisateur_idx` (`Clinique_idUtilisateur` ASC) ,
  UNIQUE INDEX `idClinique_UNIQUE` (`idClinique` ASC) ,
  CONSTRAINT `FK_Clinique_idAdresse`
    FOREIGN KEY (`Clinique_idAdresse`)
    REFERENCES `mydb`.`adresse` (`idAdresse`)
    ON DELETE NO ACTION
    ON UPDATE NO ACTION,
  CONSTRAINT `FK_Clinique_idUtilisateur`
    FOREIGN KEY (`Clinique_idUtilisateur`)
    REFERENCES `mydb`.`utilisateur` (`idUtilisateur`)
    ON DELETE NO ACTION
    ON UPDATE NO ACTION)
ENGINE = InnoDB;


-- -----------------------------------------------------
-- Table `mydb`.`medecin`
-- -----------------------------------------------------
DROP TABLE IF EXISTS `mydb`.`medecin` ;

CREATE TABLE IF NOT EXISTS `mydb`.`medecin` (
  `idMedecin` INT NOT NULL AUTO_INCREMENT,
  `nomMedecin` VARCHAR(45) NOT NULL,
  `prenomMedecin` VARCHAR(45) NOT NULL,
  `specMedecin` VARCHAR(45) NOT NULL,
  `courrielMed` VARCHAR(45) NOT NULL,
  `numProfession` VARCHAR(45) NOT NULL,
  `typeFacturation` VARCHAR(45) NOT NULL,
  `Medecin_idClinique` INT NOT NULL,
  `medecin_idAdresse` INT NOT NULL,
  `medecin_idUtilisateur` INT NOT NULL,
  PRIMARY KEY (`idMedecin`, `Medecin_idClinique`, `medecin_idAdresse`, `medecin_idUtilisateur`),
  INDEX `idAdresse_idx` (`medecin_idAdresse` ASC) ,
  INDEX `idClinique_idx` (`Medecin_idClinique` ASC) ,
  UNIQUE INDEX `nomMedecin_UNIQUE` (`nomMedecin` ASC) ,
  INDEX `idUtilisateur_idx` (`medecin_idUtilisateur` ASC) ,
  UNIQUE INDEX `idMedecin_UNIQUE` (`idMedecin` ASC) ,
  CONSTRAINT `FK_medecin_idAdresse`
    FOREIGN KEY (`medecin_idAdresse`)
    REFERENCES `mydb`.`adresse` (`idAdresse`)
    ON DELETE NO ACTION
    ON UPDATE NO ACTION,
  CONSTRAINT `FK_medecin_idClinique`
    FOREIGN KEY (`Medecin_idClinique`)
    REFERENCES `mydb`.`clinique` (`idClinique`)
    ON DELETE NO ACTION
    ON UPDATE NO ACTION,
  CONSTRAINT `FK_medecin_idUtilisateur`
    FOREIGN KEY (`medecin_idUtilisateur`)
    REFERENCES `mydb`.`utilisateur` (`idUtilisateur`)
    ON DELETE NO ACTION
    ON UPDATE NO ACTION)
ENGINE = InnoDB;


-- -----------------------------------------------------
-- Table `mydb`.`plageHoraire`
-- -----------------------------------------------------
DROP TABLE IF EXISTS `mydb`.`plageHoraire` ;

CREATE TABLE IF NOT EXISTS `mydb`.`plageHoraire` (
  `idPlageHoraire` INT NOT NULL,
  `jourSemaine` VARCHAR(8) NOT NULL,
  `heureDebut` TIME NOT NULL,
  `heureFin` TIME NOT NULL,
  PRIMARY KEY (`idPlageHoraire`))
ENGINE = InnoDB;


-- -----------------------------------------------------
-- Table `mydb`.`services`
-- -----------------------------------------------------
DROP TABLE IF EXISTS `mydb`.`services` ;

CREATE TABLE IF NOT EXISTS `mydb`.`services` (
  `idservices` INT NOT NULL,
  `typeServices` VARCHAR(45) NOT NULL,
  PRIMARY KEY (`idservices`, `typeServices`))
ENGINE = InnoDB;


-- -----------------------------------------------------
-- Table `mydb`.`Medecin_Disponibilite`
-- -----------------------------------------------------
DROP TABLE IF EXISTS `mydb`.`Medecin_Disponibilite` ;

CREATE TABLE IF NOT EXISTS `mydb`.`Medecin_Disponibilite` (
  `idDisponibilite` INT NOT NULL,
  `MD_idMedecin` INT NOT NULL,
  `MD_idPlageHoraire` INT NOT NULL,
  `statutDispo` TINYTEXT BINARY NULL,
  `MD_idServices` INT NOT NULL,
  PRIMARY KEY (`idDisponibilite`, `MD_idMedecin`, `MD_idPlageHoraire`, `MD_idServices`),
  INDEX `FK_idMedecin_idx` (`MD_idMedecin` ASC) ,
  INDEX `FK-idPlageHoraire_idx` (`MD_idPlageHoraire` ASC) ,
  INDEX `fk_services_idx` (`MD_idServices` ASC) ,
  CONSTRAINT `FK_MD_idMedecin`
    FOREIGN KEY (`MD_idMedecin`)
    REFERENCES `mydb`.`medecin` (`idMedecin`)
    ON DELETE NO ACTION
    ON UPDATE NO ACTION,
  CONSTRAINT `FK_MD_idPlageHoraire`
    FOREIGN KEY (`MD_idPlageHoraire`)
    REFERENCES `mydb`.`plageHoraire` (`idPlageHoraire`)
    ON DELETE NO ACTION
    ON UPDATE NO ACTION,
  CONSTRAINT `fk_services`
    FOREIGN KEY (`MD_idServices`)
    REFERENCES `mydb`.`services` (`idservices`)
    ON DELETE NO ACTION
    ON UPDATE NO ACTION)
ENGINE = InnoDB;


-- -----------------------------------------------------
-- Table `mydb`.`rendezvous`
-- -----------------------------------------------------
DROP TABLE IF EXISTS `mydb`.`rendezvous` ;

CREATE TABLE IF NOT EXISTS `mydb`.`rendezvous` (
  `idRendezvous` INT NOT NULL AUTO_INCREMENT,
  `dateRdv` DATETIME(6) NOT NULL,
  `raisonRdv` VARCHAR(45) NOT NULL,
  `detailsRdv` VARCHAR(45) NOT NULL,
  `RDV_idPatient` INT NOT NULL,
  `RDV_idMedecin` INT NOT NULL,
  `RDV_idClinique` INT NOT NULL,
  `RDV_idDisponibilite` INT NOT NULL,
  PRIMARY KEY (`idRendezvous`, `RDV_idPatient`, `RDV_idMedecin`, `RDV_idClinique`, `RDV_idDisponibilite`),
  INDEX `idClinique_idx` (`RDV_idClinique` ASC) ,
  INDEX `fk_RDV_idDisponibilite_idx` (`RDV_idDisponibilite` ASC) ,
  CONSTRAINT `FK_RDV_idMedecin`
    FOREIGN KEY (`RDV_idMedecin`)
    REFERENCES `mydb`.`medecin` (`idMedecin`)
    ON DELETE NO ACTION
    ON UPDATE NO ACTION,
  CONSTRAINT `FK_RDV_idPatient`
    FOREIGN KEY (`RDV_idPatient`)
    REFERENCES `mydb`.`patient` (`idPatient`)
    ON DELETE NO ACTION
    ON UPDATE NO ACTION,
  CONSTRAINT `FK_RDV_idClinique`
    FOREIGN KEY (`RDV_idClinique`)
    REFERENCES `mydb`.`clinique` (`idClinique`)
    ON DELETE NO ACTION
    ON UPDATE NO ACTION,
  CONSTRAINT `fk_RDV_idDisponibilite`
    FOREIGN KEY (`RDV_idDisponibilite`)
    REFERENCES `mydb`.`Medecin_Disponibilite` (`idDisponibilite`)
    ON DELETE NO ACTION
    ON UPDATE NO ACTION)
ENGINE = InnoDB;


-- -----------------------------------------------------
-- Table `mydb`.`fichiers`
-- -----------------------------------------------------
DROP TABLE IF EXISTS `mydb`.`fichiers` ;

CREATE TABLE IF NOT EXISTS `mydb`.`fichiers` (
  `idfichiers` INT NOT NULL,
  `dateFichier` DATE NOT NULL,
  `typeFichier` VARCHAR(45) NOT NULL,
  `fichier_idPatient` INT NOT NULL,
  `fichier_idMedecin` INT NOT NULL,
  PRIMARY KEY (`idfichiers`, `fichier_idPatient`, `fichier_idMedecin`),
  INDEX `idMedecin_idx` (`fichier_idMedecin` ASC) ,
  INDEX `idPatient_idx` (`fichier_idPatient` ASC) ,
  UNIQUE INDEX `idfichiers_UNIQUE` (`idfichiers` ASC) ,
  CONSTRAINT `fk_fichier_idPatient`
    FOREIGN KEY (`fichier_idPatient`)
    REFERENCES `mydb`.`patient` (`idPatient`)
    ON DELETE NO ACTION
    ON UPDATE NO ACTION,
  CONSTRAINT `fk_fichier_idMedecin`
    FOREIGN KEY (`fichier_idMedecin`)
    REFERENCES `mydb`.`medecin` (`idMedecin`)
    ON DELETE NO ACTION
    ON UPDATE NO ACTION)
ENGINE = InnoDB;


-- -----------------------------------------------------
-- Table `mydb`.`admin`
-- -----------------------------------------------------
DROP TABLE IF EXISTS `mydb`.`admin` ;

CREATE TABLE IF NOT EXISTS `mydb`.`admin` (
  `idadmin` INT NOT NULL AUTO_INCREMENT,
  `nomAdmin` VARCHAR(45) NULL,
  `prenomAdmin` VARCHAR(45) NULL,
  `admin_idUtilisateur` INT NULL,
  PRIMARY KEY (`idadmin`),
  INDEX `idUtilisateur_idx` (`admin_idUtilisateur` ASC) ,
  UNIQUE INDEX `idadmin_UNIQUE` (`idadmin` ASC) ,
  CONSTRAINT `FK_admin_idUtilisateur`
    FOREIGN KEY (`admin_idUtilisateur`)
    REFERENCES `mydb`.`utilisateur` (`idUtilisateur`)
    ON DELETE NO ACTION
    ON UPDATE NO ACTION)
ENGINE = InnoDB;


-- -----------------------------------------------------
-- Table `mydb`.`Messages`
-- -----------------------------------------------------
DROP TABLE IF EXISTS `mydb`.`Messages` ;

CREATE TABLE IF NOT EXISTS `mydb`.`Messages` (
  `idMessages` INT UNSIGNED NOT NULL,
  `dateMessage` DATE NOT NULL,
  `idExpediteur` INT NOT NULL,
  `idDestinataire` INT NOT NULL,
  `sujet` VARCHAR(60) NULL,
  `contenu` LONGTEXT NULL,
  `fichier_adjoint` INT NULL,
  `Statutouvert` TINYINT NULL DEFAULT 0,
  `statutSupprime` TINYINT NULL DEFAULT 0,
  PRIMARY KEY (`idMessages`, `idExpediteur`, `idDestinataire`),
  UNIQUE INDEX `idUtilisateur1_UNIQUE` (`idExpediteur` ASC) ,
  UNIQUE INDEX `idUtilisateur2_UNIQUE` (`idDestinataire` ASC) ,
  INDEX `fk_fichierAdjoint_idx` (`fichier_adjoint` ASC) ,
  UNIQUE INDEX `fichier_adjoint_UNIQUE` (`fichier_adjoint` ASC) ,
  CONSTRAINT `fk_expediteur_utilisateur1`
    FOREIGN KEY (`idExpediteur`)
    REFERENCES `mydb`.`utilisateur` (`idUtilisateur`)
    ON DELETE NO ACTION
    ON UPDATE NO ACTION,
  CONSTRAINT `fk_destinataire_utilisateur2`
    FOREIGN KEY (`idDestinataire`)
    REFERENCES `mydb`.`utilisateur` (`idUtilisateur`)
    ON DELETE NO ACTION
    ON UPDATE NO ACTION,
  CONSTRAINT `fk_fichierAdjoint`
    FOREIGN KEY (`fichier_adjoint`)
    REFERENCES `mydb`.`fichiers` (`idfichiers`)
    ON DELETE NO ACTION
    ON UPDATE NO ACTION)
ENGINE = InnoDB;


SET SQL_MODE=@OLD_SQL_MODE;
SET FOREIGN_KEY_CHECKS=@OLD_FOREIGN_KEY_CHECKS;
SET UNIQUE_CHECKS=@OLD_UNIQUE_CHECKS;

-- -----------------------------------------------------
-- Data for table `mydb`.`Municipalite`
-- -----------------------------------------------------
START TRANSACTION;
USE `mydb`;
INSERT INTO `mydb`.`Municipalite` (`idMunicipalite`, `nomMunicipalite`) VALUES (1, 'Montreal');
INSERT INTO `mydb`.`Municipalite` (`idMunicipalite`, `nomMunicipalite`) VALUES (2, 'Laval');
INSERT INTO `mydb`.`Municipalite` (`idMunicipalite`, `nomMunicipalite`) VALUES (3, 'Longeuil');
INSERT INTO `mydb`.`Municipalite` (`idMunicipalite`, `nomMunicipalite`) VALUES (4, 'Saint-Jerome');
INSERT INTO `mydb`.`Municipalite` (`idMunicipalite`, `nomMunicipalite`) VALUES (5, 'Repentigny');
INSERT INTO `mydb`.`Municipalite` (`idMunicipalite`, `nomMunicipalite`) VALUES (6, 'Mascouche');
INSERT INTO `mydb`.`Municipalite` (`idMunicipalite`, `nomMunicipalite`) VALUES (7, 'Chambly');
INSERT INTO `mydb`.`Municipalite` (`idMunicipalite`, `nomMunicipalite`) VALUES (8, 'Vaudreuil');
INSERT INTO `mydb`.`Municipalite` (`idMunicipalite`, `nomMunicipalite`) VALUES (9 , 'Sherbrooke');
INSERT INTO `mydb`.`Municipalite` (`idMunicipalite`, `nomMunicipalite`) VALUES (10 , 'Joliette');
INSERT INTO `mydb`.`Municipalite` (`idMunicipalite`, `nomMunicipalite`) VALUES (11, 'Quebec');
INSERT INTO `mydb`.`Municipalite` (`idMunicipalite`, `nomMunicipalite`) VALUES (12, 'Terrebonne');

COMMIT;


-- -----------------------------------------------------
-- Data for table `mydb`.`adresse`
-- -----------------------------------------------------
START TRANSACTION;
USE `mydb`;
INSERT INTO `mydb`.`adresse` (`idAdresse`, `numRue`, `nomRue`, `nomVille`, `nomProvince`, `codePostal`, `idMunicipalite`) VALUES (1, '3350 ', 'Sherbrooke', 'Montreal', 'QC', 'H3Y2N1', 1);
INSERT INTO `mydb`.`adresse` (`idAdresse`, `numRue`, `nomRue`, `nomVille`, `nomProvince`, `codePostal`, `idMunicipalite`) VALUES (2, '12', 'Chambly', 'Anjou', 'QC', 'H1K3T5', 1);
INSERT INTO `mydb`.`adresse` (`idAdresse`, `numRue`, `nomRue`, `nomVille`, `nomProvince`, `codePostal`, `idMunicipalite`) VALUES (3, '11800', 'Gouin', 'Riviere des Prairies', 'QC', 'H1L3A9', 1);
INSERT INTO `mydb`.`adresse` (`idAdresse`, `numRue`, `nomRue`, `nomVille`, `nomProvince`, `codePostal`, `idMunicipalite`) VALUES (4, '2154', 'Sheffield', 'Kirkland', 'QC', 'H3H2K2', 1);
INSERT INTO `mydb`.`adresse` (`idAdresse`, `numRue`, `nomRue`, `nomVille`, `nomProvince`, `codePostal`, `idMunicipalite`) VALUES (5, '8820', 'LeCorbusier', 'Laval', 'QC', 'J9K2M5', 2);
INSERT INTO `mydb`.`adresse` (`idAdresse`, `numRue`, `nomRue`, `nomVille`, `nomProvince`, `codePostal`, `idMunicipalite`) VALUES (6, '354', 'Marois', 'Longeuil', 'QC', 'J2X1J0', 3);
INSERT INTO `mydb`.`adresse` (`idAdresse`, `numRue`, `nomRue`, `nomVille`, `nomProvince`, `codePostal`, `idMunicipalite`) VALUES (7, '2254', 'Pie-Ix', 'Montreal', 'QC', 'H1X2W2', 1);
INSERT INTO `mydb`.`adresse` (`idAdresse`, `numRue`, `nomRue`, `nomVille`, `nomProvince`, `codePostal`, `idMunicipalite`) VALUES (8, '5680', 'Langelier', 'Saint-Leonard', 'QC', 'H2Y1B3', 1);
INSERT INTO `mydb`.`adresse` (`idAdresse`, `numRue`, `nomRue`, `nomVille`, `nomProvince`, `codePostal`, `idMunicipalite`) VALUES (9, '6520', 'Jean-Brillant', 'Cote-des-Neiges', 'QC', 'H3A2L2', 1);
INSERT INTO `mydb`.`adresse` (`idAdresse`, `numRue`, `nomRue`, `nomVille`, `nomProvince`, `codePostal`, `idMunicipalite`) VALUES (10, '2214', 'Archeveque', 'Rivière-des-Praires', 'QC', 'H1L3K5', 1);
INSERT INTO `mydb`.`adresse` (`idAdresse`, `numRue`, `nomRue`, `nomVille`, `nomProvince`, `codePostal`, `idMunicipalite`) VALUES (11, '866', ' Strawberry', 'Côte Saint-Luc', 'QC', 'H8P2P0', 1);
INSERT INTO `mydb`.`adresse` (`idAdresse`, `numRue`, `nomRue`, `nomVille`, `nomProvince`, `codePostal`, `idMunicipalite`) VALUES (12, '5058 ', 'Jackson  ', 'Centre-Sud', 'QC', 'H1A4B4', 1);
INSERT INTO `mydb`.`adresse` (`idAdresse`, `numRue`, `nomRue`, `nomVille`, `nomProvince`, `codePostal`, `idMunicipalite`) VALUES (13, '693', '2eme avenue', 'Hochelaga-Maisonneuve', 'QC', 'H1W3M2', 1);
INSERT INTO `mydb`.`adresse` (`idAdresse`, `numRue`, `nomRue`, `nomVille`, `nomProvince`, `codePostal`, `idMunicipalite`) VALUES (14, '732', 'Forest', 'Rosemont', 'QC', 'H2L9P2', 1);
INSERT INTO `mydb`.`adresse` (`idAdresse`, `numRue`, `nomRue`, `nomVille`, `nomProvince`, `codePostal`, `idMunicipalite`) VALUES (15, '3546 ', 'Beauséjour', 'Pointe-aux-Trembles', 'QC', 'H1T2Y4', 1);
INSERT INTO `mydb`.`adresse` (`idAdresse`, `numRue`, `nomRue`, `nomVille`, `nomProvince`, `codePostal`, `idMunicipalite`) VALUES (16, '7030 ', '19e avenue', 'Rosemont', 'QC', 'H2L4S8', 1);
INSERT INTO `mydb`.`adresse` (`idAdresse`, `numRue`, `nomRue`, `nomVille`, `nomProvince`, `codePostal`, `idMunicipalite`) VALUES (17, '4202', 'Harrison ', 'Westmount', 'QC', 'H7A8B0', 1);
INSERT INTO `mydb`.`adresse` (`idAdresse`, `numRue`, `nomRue`, `nomVille`, `nomProvince`, `codePostal`, `idMunicipalite`) VALUES (18, '6500', 'Fairview Avenue', 'Pointe-Claire', 'QC', 'H9L2M4', 1);
INSERT INTO `mydb`.`adresse` (`idAdresse`, `numRue`, `nomRue`, `nomVille`, `nomProvince`, `codePostal`, `idMunicipalite`) VALUES (19, '7 ', 'Spring Street', 'Hampstead', 'QC', 'H9T4J8', 1);
INSERT INTO `mydb`.`adresse` (`idAdresse`, `numRue`, `nomRue`, `nomVille`, `nomProvince`, `codePostal`, `idMunicipalite`) VALUES (20, '8920', 'Mechanic Street', 'Pierrefonds', 'QC', 'H8Y3P0', 1);
INSERT INTO `mydb`.`adresse` (`idAdresse`, `numRue`, `nomRue`, `nomVille`, `nomProvince`, `codePostal`, `idMunicipalite`) VALUES (21, '8', ' Hartford Road', 'Sherbrooke', 'QC', 'J0P4N2', 9);
INSERT INTO `mydb`.`adresse` (`idAdresse`, `numRue`, `nomRue`, `nomVille`, `nomProvince`, `codePostal`, `idMunicipalite`) VALUES (22, '746 ', 'Laiberté', 'Saint-Léonard', 'QC', 'H1X2A9', 1);
INSERT INTO `mydb`.`adresse` (`idAdresse`, `numRue`, `nomRue`, `nomVille`, `nomProvince`, `codePostal`, `idMunicipalite`) VALUES (23, '8902 ', '3e avenue', 'Rosemont', 'QC', 'H2P1H8', 1);
INSERT INTO `mydb`.`adresse` (`idAdresse`, `numRue`, `nomRue`, `nomVille`, `nomProvince`, `codePostal`, `idMunicipalite`) VALUES (24, '6929', 'Lakeshore', 'Kirkland', 'QC', 'H9A1B0', 1);
INSERT INTO `mydb`.`adresse` (`idAdresse`, `numRue`, `nomRue`, `nomVille`, `nomProvince`, `codePostal`, `idMunicipalite`) VALUES (25, '83', 'Lafayette ', 'Ville-Marie', 'CQ', 'H3A3K2', 1);
INSERT INTO `mydb`.`adresse` (`idAdresse`, `numRue`, `nomRue`, `nomVille`, `nomProvince`, `codePostal`, `idMunicipalite`) VALUES (26, '6450 ', 'Coloniale', 'Plateau-Mont-Royal', 'CQ', 'H2Y9B3', 1);
INSERT INTO `mydb`.`adresse` (`idAdresse`, `numRue`, `nomRue`, `nomVille`, `nomProvince`, `codePostal`, `idMunicipalite`) VALUES (27, '6682 ', 'Oxford Road', 'Westmount', 'QC', 'H7A2J8', 1);
INSERT INTO `mydb`.`adresse` (`idAdresse`, `numRue`, `nomRue`, `nomVille`, `nomProvince`, `codePostal`, `idMunicipalite`) VALUES (28, '767 ', 'Laffitte', 'Greenfield Park', 'QC', 'J3A2A0', 1);
INSERT INTO `mydb`.`adresse` (`idAdresse`, `numRue`, `nomRue`, `nomVille`, `nomProvince`, `codePostal`, `idMunicipalite`) VALUES (29, '889 ', 'Route 10', 'Saint-Eustache', 'QC', 'J9L4M2', 3);
INSERT INTO `mydb`.`adresse` (`idAdresse`, `numRue`, `nomRue`, `nomVille`, `nomProvince`, `codePostal`, `idMunicipalite`) VALUES (30, '2140', 'Hochelaga', 'Tetraultville', 'QC', 'H2P3M2', 1);
INSERT INTO `mydb`.`adresse` (`idAdresse`, `numRue`, `nomRue`, `nomVille`, `nomProvince`, `codePostal`, `idMunicipalite`) VALUES (31, '2083', 'Rouen', 'Hochelaga-Maisonneuve', 'QC', 'H1X3N5', 1);
INSERT INTO `mydb`.`adresse` (`idAdresse`, `numRue`, `nomRue`, `nomVille`, `nomProvince`, `codePostal`, `idMunicipalite`) VALUES (32, '7863', 'DeLorimier', 'Rosemont', 'QC', 'H3X3M4', 1);
INSERT INTO `mydb`.`adresse` (`idAdresse`, `numRue`, `nomRue`, `nomVille`, `nomProvince`, `codePostal`, `idMunicipalite`) VALUES (33, '782', 'Stanley', 'Ville-Marie', 'QC', 'H6P3C8', 1);
INSERT INTO `mydb`.`adresse` (`idAdresse`, `numRue`, `nomRue`, `nomVille`, `nomProvince`, `codePostal`, `idMunicipalite`) VALUES (34, '3450', 'Edouard-Montpetit', 'Cote-des-Neiges', 'QC', 'H5A2P9', 1);
INSERT INTO `mydb`.`adresse` (`idAdresse`, `numRue`, `nomRue`, `nomVille`, `nomProvince`, `codePostal`, `idMunicipalite`) VALUES (35, '398', 'McGill', 'Ville-Marie', 'QC', 'H6P4X9', 1);
INSERT INTO `mydb`.`adresse` (`idAdresse`, `numRue`, `nomRue`, `nomVille`, `nomProvince`, `codePostal`, `idMunicipalite`) VALUES (36, '2450', 'Langelier', 'Saint-Leonard', 'QC', 'H1L4G4', 1);
INSERT INTO `mydb`.`adresse` (`idAdresse`, `numRue`, `nomRue`, `nomVille`, `nomProvince`, `codePostal`, `idMunicipalite`) VALUES (37, '8890', 'Oxford', 'NDG', 'QC', 'H5P5V6', 1);
INSERT INTO `mydb`.`adresse` (`idAdresse`, `numRue`, `nomRue`, `nomVille`, `nomProvince`, `codePostal`, `idMunicipalite`) VALUES (38, '7450', 'Henri-Bourassa', 'Montreal-Nord', 'QC', 'H1M3B8', 1);
INSERT INTO `mydb`.`adresse` (`idAdresse`, `numRue`, `nomRue`, `nomVille`, `nomProvince`, `codePostal`, `idMunicipalite`) VALUES (39, '7890', 'Saint-Hubert', 'Villeray', 'QC', 'H2A4Y8', 1);
INSERT INTO `mydb`.`adresse` (`idAdresse`, `numRue`, `nomRue`, `nomVille`, `nomProvince`, `codePostal`, `idMunicipalite`) VALUES (40, '940', 'Bonsecours', 'Ville-Marie', 'QC', 'H7M2J8', 1);
INSERT INTO `mydb`.`adresse` (`idAdresse`, `numRue`, `nomRue`, `nomVille`, `nomProvince`, `codePostal`, `idMunicipalite`) VALUES (41, '1090', 'Saint-Jean-Baptiste', 'Laval', 'QC', 'J9A3L1', 2);
INSERT INTO `mydb`.`adresse` (`idAdresse`, `numRue`, `nomRue`, `nomVille`, `nomProvince`, `codePostal`, `idMunicipalite`) VALUES (42, '2054', 'De la Concorde', 'Laval', 'QC', 'J9P4M2', 2);
INSERT INTO `mydb`.`adresse` (`idAdresse`, `numRue`, `nomRue`, `nomVille`, `nomProvince`, `codePostal`, `idMunicipalite`) VALUES (43, '10802', 'Vanier', 'Longeuil', 'QC', 'J3L8H0', 3);
INSERT INTO `mydb`.`adresse` (`idAdresse`, `numRue`, `nomRue`, `nomVille`, `nomProvince`, `codePostal`, `idMunicipalite`) VALUES (44, '4520', 'Laurier', 'Repentigny', 'QC', 'J2H3T4', 5);
INSERT INTO `mydb`.`adresse` (`idAdresse`, `numRue`, `nomRue`, `nomVille`, `nomProvince`, `codePostal`, `idMunicipalite`) VALUES (45, '6460', 'De la Sablonniere', 'Quebec', 'QC', 'G8P5B8', 11);

COMMIT;


-- -----------------------------------------------------
-- Data for table `mydb`.`utilisateur`
-- -----------------------------------------------------
START TRANSACTION;
USE `mydb`;
INSERT INTO `mydb`.`utilisateur` (`idUtilisateur`, `firstLogin`, `username`, `password`) VALUES (1, 'N', 'lapain2002', 'Pantin20');
INSERT INTO `mydb`.`utilisateur` (`idUtilisateur`, `firstLogin`, `username`, `password`) VALUES (2, 'N', 'Banane*80', 'MielJaune88');
INSERT INTO `mydb`.`utilisateur` (`idUtilisateur`, `firstLogin`, `username`, `password`) VALUES (3, 'N', 'moimeme00', 'docx_medx99');
INSERT INTO `mydb`.`utilisateur` (`idUtilisateur`, `firstLogin`, `username`, `password`) VALUES (4, 'N', 'leDoc11', 'Resident_345');
INSERT INTO `mydb`.`utilisateur` (`idUtilisateur`, `firstLogin`, `username`, `password`) VALUES (5, 'N', 'Halley_Kennedy21', 'Patty21!');
INSERT INTO `mydb`.`utilisateur` (`idUtilisateur`, `firstLogin`, `username`, `password`) VALUES (6, 'N', 'harry_potter', 'dumbledore01');
INSERT INTO `mydb`.`utilisateur` (`idUtilisateur`, `firstLogin`, `username`, `password`) VALUES (7, 'N', 'soucoupe101', 'Roswell1950');
INSERT INTO `mydb`.`utilisateur` (`idUtilisateur`, `firstLogin`, `username`, `password`) VALUES (8, 'N', 'lunar_sun', 'umbrella_door');
INSERT INTO `mydb`.`utilisateur` (`idUtilisateur`, `firstLogin`, `username`, `password`) VALUES (9, 'N', 'docteurJean', 'Renaud1960');
INSERT INTO `mydb`.`utilisateur` (`idUtilisateur`, `firstLogin`, `username`, `password`) VALUES (10, 'N', 'AudreyHep', 'Cinema_2021');
INSERT INTO `mydb`.`utilisateur` (`idUtilisateur`, `firstLogin`, `username`, `password`) VALUES (11, 'N', 'tigerWoods', 'mcLeod3');
INSERT INTO `mydb`.`utilisateur` (`idUtilisateur`, `firstLogin`, `username`, `password`) VALUES (12, 'N', 'Vagr_34', 'rainbow285');
INSERT INTO `mydb`.`utilisateur` (`idUtilisateur`, `firstLogin`, `username`, `password`) VALUES (13, 'N', 'Quinn_Flynn', 'MouseCar824');
INSERT INTO `mydb`.`utilisateur` (`idUtilisateur`, `firstLogin`, `username`, `password`) VALUES (14, 'N', 'Gloria_Moon', 'Moonshine$34');
INSERT INTO `mydb`.`utilisateur` (`idUtilisateur`, `firstLogin`, `username`, `password`) VALUES (15, 'N', 'brad_green00', 'braddy105!');
INSERT INTO `mydb`.`utilisateur` (`idUtilisateur`, `firstLogin`, `username`, `password`) VALUES (16, 'N', 'admin1', 'jarjar18');
INSERT INTO `mydb`.`utilisateur` (`idUtilisateur`, `firstLogin`, `username`, `password`) VALUES (17, 'N', 'admin2', 'MedicoAdmin401');
INSERT INTO `mydb`.`utilisateur` (`idUtilisateur`, `firstLogin`, `username`, `password`) VALUES (18, 'N', 'admin3', 'Administration201');
INSERT INTO `mydb`.`utilisateur` (`idUtilisateur`, `firstLogin`, `username`, `password`) VALUES (19, 'N', 'admin4', 'Wizard16');
INSERT INTO `mydb`.`utilisateur` (`idUtilisateur`, `firstLogin`, `username`, `password`) VALUES (20, 'N', 'admin5', 'cheezWhiz80');
INSERT INTO `mydb`.`utilisateur` (`idUtilisateur`, `firstLogin`, `username`, `password`) VALUES (21, 'N', 'Quenna9', 'leopard908');
INSERT INTO `mydb`.`utilisateur` (`idUtilisateur`, `firstLogin`, `username`, `password`) VALUES (22, 'N', 'Bing_202', 'ironMaiden17');
INSERT INTO `mydb`.`utilisateur` (`idUtilisateur`, `firstLogin`, `username`, `password`) VALUES (23, 'N', 'Giles Rift', 'crossBoardf8!');
INSERT INTO `mydb`.`utilisateur` (`idUtilisateur`, `firstLogin`, `username`, `password`) VALUES (24, 'N', 'Daniel_Leblanc', 'BiscuitCafe8');
INSERT INTO `mydb`.`utilisateur` (`idUtilisateur`, `firstLogin`, `username`, `password`) VALUES (25, 'N', 'GreyBlue', 'mcQueen3');
INSERT INTO `mydb`.`utilisateur` (`idUtilisateur`, `firstLogin`, `username`, `password`) VALUES (26, 'N', 'depardieusute', 'Whiskey22');
INSERT INTO `mydb`.`utilisateur` (`idUtilisateur`, `firstLogin`, `username`, `password`) VALUES (27, 'N', 'drBisset', 'Calcutta_Sea1');
INSERT INTO `mydb`.`utilisateur` (`idUtilisateur`, `firstLogin`, `username`, `password`) VALUES (28, 'N', 'medice24', 'Sante31');
INSERT INTO `mydb`.`utilisateur` (`idUtilisateur`, `firstLogin`, `username`, `password`) VALUES (29, 'N', 'santeLegal', 'bleuet45');
INSERT INTO `mydb`.`utilisateur` (`idUtilisateur`, `firstLogin`, `username`, `password`) VALUES (30, 'N', 'docteurSimonneau', 'Simon101');
INSERT INTO `mydb`.`utilisateur` (`idUtilisateur`, `firstLogin`, `username`, `password`) VALUES (31, 'N', 'drGatsby', 'greatGatsby');
INSERT INTO `mydb`.`utilisateur` (`idUtilisateur`, `firstLogin`, `username`, `password`) VALUES (32, 'N', 'medicCallahan', 'beachVolley7');
INSERT INTO `mydb`.`utilisateur` (`idUtilisateur`, `firstLogin`, `username`, `password`) VALUES (33, 'N', 'docteur_Harper', 'harpsicord90');
INSERT INTO `mydb`.`utilisateur` (`idUtilisateur`, `firstLogin`, `username`, `password`) VALUES (34, 'N', 'Tim_Hortons', 'donut_$8');
INSERT INTO `mydb`.`utilisateur` (`idUtilisateur`, `firstLogin`, `username`, `password`) VALUES (35, 'N', 'adm_Mulroney', 'Dominique18');
INSERT INTO `mydb`.`utilisateur` (`idUtilisateur`, `firstLogin`, `username`, `password`) VALUES (36, 'N', 'Medic_Tina', 'GroovySurf6');
INSERT INTO `mydb`.`utilisateur` (`idUtilisateur`, `firstLogin`, `username`, `password`) VALUES (37, 'N', 'Sonya_Frank', '02_Costello');
INSERT INTO `mydb`.`utilisateur` (`idUtilisateur`, `firstLogin`, `username`, `password`) VALUES (38, 'N', 'Oiseau21_02', 'Paruline24');
INSERT INTO `mydb`.`utilisateur` (`idUtilisateur`, `firstLogin`, `username`, `password`) VALUES (39, 'N', 'JennaHL', 'Blazer!0');
INSERT INTO `mydb`.`utilisateur` (`idUtilisateur`, `firstLogin`, `username`, `password`) VALUES (40, 'N', 'Geiser_Water', 'bottleman02');
INSERT INTO `mydb`.`utilisateur` (`idUtilisateur`, `firstLogin`, `username`, `password`) VALUES (41, 'N', 'TGr_2023', 'Geraldine02');
INSERT INTO `mydb`.`utilisateur` (`idUtilisateur`, `firstLogin`, `username`, `password`) VALUES (42, 'N', 'CliiniqueNDG', 'Sante309');
INSERT INTO `mydb`.`utilisateur` (`idUtilisateur`, `firstLogin`, `username`, `password`) VALUES (43, 'N', 'Cliq NordEst', 'CliqSante2');
INSERT INTO `mydb`.`utilisateur` (`idUtilisateur`, `firstLogin`, `username`, `password`) VALUES (44, 'N', 'cliniqueVilleray', 'SantePourTous8');
INSERT INTO `mydb`.`utilisateur` (`idUtilisateur`, `firstLogin`, `username`, `password`) VALUES (45, 'N', 'cliniqueBonsecours', 'Bonsecours24');

COMMIT;


-- -----------------------------------------------------
-- Data for table `mydb`.`patient`
-- -----------------------------------------------------
START TRANSACTION;
USE `mydb`;
INSERT INTO `mydb`.`patient` (`idPatient`, `nomPatient`, `prenomPatient`, `ramqPatient`, `numSequence`, `dateNaissance`, `sexePatient`, `courrielPatient`, `patient_idAdresse`, `patient_idUtilisateur`) VALUES (1, 'Nixon', 'Tiger', 'TGRS20108930', '12', '1985-10-12', 'M', 'tigrNx19@hotmail.com', 1, 40);
INSERT INTO `mydb`.`patient` (`idPatient`, `nomPatient`, `prenomPatient`, `ramqPatient`, `numSequence`, `dateNaissance`, `sexePatient`, `courrielPatient`, `patient_idAdresse`, `patient_idUtilisateur`) VALUES (2, 'Winters', 'Garrett', 'GATR2020394', '11', '1985-10-12', 'M', 'garret1963@gmail.com', 2, 23);
INSERT INTO `mydb`.`patient` (`idPatient`, `nomPatient`, `prenomPatient`, `ramqPatient`, `numSequence`, `dateNaissance`, `sexePatient`, `courrielPatient`, `patient_idAdresse`, `patient_idUtilisateur`) VALUES (3, 'Cox', 'Ashton', 'ASCO2030291', '14', '1985-10-12', 'M', 'ashcox2002@gmail.com', 3, 2);
INSERT INTO `mydb`.`patient` (`idPatient`, `nomPatient`, `prenomPatient`, `ramqPatient`, `numSequence`, `dateNaissance`, `sexePatient`, `courrielPatient`, `patient_idAdresse`, `patient_idUtilisateur`) VALUES (4, 'Kelly', 'Cedric', 'CEKE20209949', '20', '1985-10-12', 'M', 'sedKelly24@yahoo.com', 4, 39);
INSERT INTO `mydb`.`patient` (`idPatient`, `nomPatient`, `prenomPatient`, `ramqPatient`, `numSequence`, `dateNaissance`, `sexePatient`, `courrielPatient`, `patient_idAdresse`, `patient_idUtilisateur`) VALUES (5, 'Satou', 'Airi', 'AISA20209301', '22', '1985-10-12', 'F', 'airi1978@sympatico.ca', 5, 1);
INSERT INTO `mydb`.`patient` (`idPatient`, `nomPatient`, `prenomPatient`, `ramqPatient`, `numSequence`, `dateNaissance`, `sexePatient`, `courrielPatient`, `patient_idAdresse`, `patient_idUtilisateur`) VALUES (6, 'Williamson', 'Brielle', 'BRWI20302923', '18', '1985-10-12', 'F', 'brielle2004@hotmail.com', 6, 5);
INSERT INTO `mydb`.`patient` (`idPatient`, `nomPatient`, `prenomPatient`, `ramqPatient`, `numSequence`, `dateNaissance`, `sexePatient`, `courrielPatient`, `patient_idAdresse`, `patient_idUtilisateur`) VALUES (7, 'Herrod', 'Chandler', 'HECH20393920', '11', '1985-10-12', 'M', 'chandlerHer@aol.com', 7, 6);
INSERT INTO `mydb`.`patient` (`idPatient`, `nomPatient`, `prenomPatient`, `ramqPatient`, `numSequence`, `dateNaissance`, `sexePatient`, `courrielPatient`, `patient_idAdresse`, `patient_idUtilisateur`) VALUES (8, 'Davis', 'Rhona', 'RHDA20293920', '14', '1985-10-12', 'F', 'rhonaDavis@gmail.com', 8, 38);
INSERT INTO `mydb`.`patient` (`idPatient`, `nomPatient`, `prenomPatient`, `ramqPatient`, `numSequence`, `dateNaissance`, `sexePatient`, `courrielPatient`, `patient_idAdresse`, `patient_idUtilisateur`) VALUES (9, 'Hurst', 'Colleen', 'HUCO28439208', '16', '1985-10-12', 'F', 'colleen14@bell.net', 9, 7);
INSERT INTO `mydb`.`patient` (`idPatient`, `nomPatient`, `prenomPatient`, `ramqPatient`, `numSequence`, `dateNaissance`, `sexePatient`, `courrielPatient`, `patient_idAdresse`, `patient_idUtilisateur`) VALUES (10, 'Frost', 'Sonya', 'FROS29382839', '22', '1985-10-12', 'F', 'oiseau25@hotmail.com', 10, 37);
INSERT INTO `mydb`.`patient` (`idPatient`, `nomPatient`, `prenomPatient`, `ramqPatient`, `numSequence`, `dateNaissance`, `sexePatient`, `courrielPatient`, `patient_idAdresse`, `patient_idUtilisateur`) VALUES (11, 'Gaines', 'Jena', 'JEGA28292184', '13', '1985-10-12', 'F', 'jenaGaines18@gmail.com', 11, 13);
INSERT INTO `mydb`.`patient` (`idPatient`, `nomPatient`, `prenomPatient`, `ramqPatient`, `numSequence`, `dateNaissance`, `sexePatient`, `courrielPatient`, `patient_idAdresse`, `patient_idUtilisateur`) VALUES (12, 'Flynn', 'Quinn', 'FLYQ28398492', '19', '1985-10-12', 'M', 'qbert@live.com', 12, 25);
INSERT INTO `mydb`.`patient` (`idPatient`, `nomPatient`, `prenomPatient`, `ramqPatient`, `numSequence`, `dateNaissance`, `sexePatient`, `courrielPatient`, `patient_idAdresse`, `patient_idUtilisateur`) VALUES (13, 'Charde', 'Marshall', 'MARC282843920', '20', '1985-10-12', 'M', 'marsh_88@gmail.com', 13, 14);
INSERT INTO `mydb`.`patient` (`idPatient`, `nomPatient`, `prenomPatient`, `ramqPatient`, `numSequence`, `dateNaissance`, `sexePatient`, `courrielPatient`, `patient_idAdresse`, `patient_idUtilisateur`) VALUES (14, 'Kennedy', 'Haley', 'KENH2828932843', '26', '1985-10-12', 'F', 'halleycomet@aol.com', 14, 12);
INSERT INTO `mydb`.`patient` (`idPatient`, `nomPatient`, `prenomPatient`, `ramqPatient`, `numSequence`, `dateNaissance`, `sexePatient`, `courrielPatient`, `patient_idAdresse`, `patient_idUtilisateur`) VALUES (15, 'Silva', 'Michael', 'SILM2029399288', '14', '1985-10-12', 'M', 'MikeSilva@gmail.com', 15, 15);
INSERT INTO `mydb`.`patient` (`idPatient`, `nomPatient`, `prenomPatient`, `ramqPatient`, `numSequence`, `dateNaissance`, `sexePatient`, `courrielPatient`, `patient_idAdresse`, `patient_idUtilisateur`) VALUES (16, 'Fitzpatrick', 'Tatyana', 'FITT2093988488', '18', '1985-10-12', 'F', 'fitztat20@verizon.com', 16, 21);
INSERT INTO `mydb`.`patient` (`idPatient`, `nomPatient`, `prenomPatient`, `ramqPatient`, `numSequence`, `dateNaissance`, `sexePatient`, `courrielPatient`, `patient_idAdresse`, `patient_idUtilisateur`) VALUES (17, 'Byrd', 'Paul', 'BYRP292388482', '14', '1985-10-12', 'M', 'birdwatcher@hotmail.com', 17, 24);
INSERT INTO `mydb`.`patient` (`idPatient`, `nomPatient`, `prenomPatient`, `ramqPatient`, `numSequence`, `dateNaissance`, `sexePatient`, `courrielPatient`, `patient_idAdresse`, `patient_idUtilisateur`) VALUES (18, 'Little', 'Gloria', 'LITG209283884', '18', '1985-10-12', 'F', 'gloria223344@gmail.com', 18, 11);
INSERT INTO `mydb`.`patient` (`idPatient`, `nomPatient`, `prenomPatient`, `ramqPatient`, `numSequence`, `dateNaissance`, `sexePatient`, `courrielPatient`, `patient_idAdresse`, `patient_idUtilisateur`) VALUES (19, 'Greer', 'Bradley', 'GREB229388293', '22', '1985-10-12', 'M', 'bradgree10@videotron.com', 19, 22);
INSERT INTO `mydb`.`patient` (`idPatient`, `nomPatient`, `prenomPatient`, `ramqPatient`, `numSequence`, `dateNaissance`, `sexePatient`, `courrielPatient`, `patient_idAdresse`, `patient_idUtilisateur`) VALUES (20, 'Rios', 'Daisy', 'RIOD292838898', '10', '1985-10-12', 'F', 'daydreamer@msn.com', 20, 8);

COMMIT;


-- -----------------------------------------------------
-- Data for table `mydb`.`clinique`
-- -----------------------------------------------------
START TRANSACTION;
USE `mydb`;
INSERT INTO `mydb`.`clinique` (`idClinique`, `nomClinique`, `courrielClinique`, `telClinique`, `Clinique_idAdresse`, `Clinique_idUtilisateur`) VALUES (1, 'Clinique Beausejour', 'beausejourClinique@videotron.com', '514-576-3420', 36, 41);
INSERT INTO `mydb`.`clinique` (`idClinique`, `nomClinique`, `courrielClinique`, `telClinique`, `Clinique_idAdresse`, `Clinique_idUtilisateur`) VALUES (2, 'Notre-Dame-de-Grace', 'cliniqueNDG@live.com', '514-775-2010', 37, 42);
INSERT INTO `mydb`.`clinique` (`idClinique`, `nomClinique`, `courrielClinique`, `telClinique`, `Clinique_idAdresse`, `Clinique_idUtilisateur`) VALUES (3, 'Clinique du Nord-Est', 'medic@CNE.net', '450-215-2500', 38, 43);
INSERT INTO `mydb`.`clinique` (`idClinique`, `nomClinique`, `courrielClinique`, `telClinique`, `Clinique_idAdresse`, `Clinique_idUtilisateur`) VALUES (4, 'Clinique Villeray', 'villeray@cliniqueRV.com', '514-455-2380', 39, 44);
INSERT INTO `mydb`.`clinique` (`idClinique`, `nomClinique`, `courrielClinique`, `telClinique`, `Clinique_idAdresse`, `Clinique_idUtilisateur`) VALUES (5, 'Clinique Bonsecours', 'bonsecours@medic.ca', '514-650-4425', 40, 45);

COMMIT;


-- -----------------------------------------------------
-- Data for table `mydb`.`medecin`
-- -----------------------------------------------------
START TRANSACTION;
USE `mydb`;
INSERT INTO `mydb`.`medecin` (`idMedecin`, `nomMedecin`, `prenomMedecin`, `specMedecin`, `courrielMed`, `numProfession`, `typeFacturation`, `Medecin_idClinique`, `medecin_idAdresse`, `medecin_idUtilisateur`) VALUES (1, 'Reno', 'Jean', 'famille', 'Jreno@gmail.com', '100294', '', 4, 29, 9);
INSERT INTO `mydb`.`medecin` (`idMedecin`, `nomMedecin`, `prenomMedecin`, `specMedecin`, `courrielMed`, `numProfession`, `typeFacturation`, `Medecin_idClinique`, `medecin_idAdresse`, `medecin_idUtilisateur`) VALUES (2, 'Depardieu', 'Gerard', 'generaliste', 'depardieu20@hotmail.com', '100530', '', 4, 23, 26);
INSERT INTO `mydb`.`medecin` (`idMedecin`, `nomMedecin`, `prenomMedecin`, `specMedecin`, `courrielMed`, `numProfession`, `typeFacturation`, `Medecin_idClinique`, `medecin_idAdresse`, `medecin_idUtilisateur`) VALUES (3, 'Eastwood', 'Clint', 'generaliste', 'clintCalahan@medic.ca', '100394', '', 1, 22, 32);
INSERT INTO `mydb`.`medecin` (`idMedecin`, `nomMedecin`, `prenomMedecin`, `specMedecin`, `courrielMed`, `numProfession`, `typeFacturation`, `Medecin_idClinique`, `medecin_idAdresse`, `medecin_idUtilisateur`) VALUES (4, 'Hepburn', 'Audrey', 'famille', 'hepburnmed@help.ca', '100982', '', 4, 27, 10);
INSERT INTO `mydb`.`medecin` (`idMedecin`, `nomMedecin`, `prenomMedecin`, `specMedecin`, `courrielMed`, `numProfession`, `typeFacturation`, `Medecin_idClinique`, `medecin_idAdresse`, `medecin_idUtilisateur`) VALUES (5, 'DiCaprio', 'John', 'resident', 'diCaprio20@medic.ca', '101430', '', 5, 24, 3);
INSERT INTO `mydb`.`medecin` (`idMedecin`, `nomMedecin`, `prenomMedecin`, `specMedecin`, `courrielMed`, `numProfession`, `typeFacturation`, `Medecin_idClinique`, `medecin_idAdresse`, `medecin_idUtilisateur`) VALUES (6, 'Gatsby', 'Jay', 'generaliste', 'greatgatsby@live.com', '100429', '', 2, 25, 31);
INSERT INTO `mydb`.`medecin` (`idMedecin`, `nomMedecin`, `prenomMedecin`, `specMedecin`, `courrielMed`, `numProfession`, `typeFacturation`, `Medecin_idClinique`, `medecin_idAdresse`, `medecin_idUtilisateur`) VALUES (7, 'Horton', 'Tim', 'resident', 'timhortons@gmail.com', '101443', '', 5, 31, 34);
INSERT INTO `mydb`.`medecin` (`idMedecin`, `nomMedecin`, `prenomMedecin`, `specMedecin`, `courrielMed`, `numProfession`, `typeFacturation`, `Medecin_idClinique`, `medecin_idAdresse`, `medecin_idUtilisateur`) VALUES (8, 'Turner', 'Tina', 'infirmiere', 'tina_turn@medic.ca', '102539', '', 5, 32, 36);
INSERT INTO `mydb`.`medecin` (`idMedecin`, `nomMedecin`, `prenomMedecin`, `specMedecin`, `courrielMed`, `numProfession`, `typeFacturation`, `Medecin_idClinique`, `medecin_idAdresse`, `medecin_idUtilisateur`) VALUES (9, 'Mailloux', 'Doc', 'generaliste', 'ledoc@medico.com', '100392', '', 2, 33, 4);
INSERT INTO `mydb`.`medecin` (`idMedecin`, `nomMedecin`, `prenomMedecin`, `specMedecin`, `courrielMed`, `numProfession`, `typeFacturation`, `Medecin_idClinique`, `medecin_idAdresse`, `medecin_idUtilisateur`) VALUES (10, 'Bisset', 'Jacqueline', 'famille', 'bisset_jacqueline@medic.ca', '110013', '', 1, 21, 27);
INSERT INTO `mydb`.`medecin` (`idMedecin`, `nomMedecin`, `prenomMedecin`, `specMedecin`, `courrielMed`, `numProfession`, `typeFacturation`, `Medecin_idClinique`, `medecin_idAdresse`, `medecin_idUtilisateur`) VALUES (11, 'Leblanc', 'Therese', 'infirmiere', 'lethe@medic.ca', '102939', '', 1, 34, 29);
INSERT INTO `mydb`.`medecin` (`idMedecin`, `nomMedecin`, `prenomMedecin`, `specMedecin`, `courrielMed`, `numProfession`, `typeFacturation`, `Medecin_idClinique`, `medecin_idAdresse`, `medecin_idUtilisateur`) VALUES (12, 'Chretien', 'Jean', 'infirmier', 'jean_chr@gmail.com', '102492', '', 3, 28, 30);
INSERT INTO `mydb`.`medecin` (`idMedecin`, `nomMedecin`, `prenomMedecin`, `specMedecin`, `courrielMed`, `numProfession`, `typeFacturation`, `Medecin_idClinique`, `medecin_idAdresse`, `medecin_idUtilisateur`) VALUES (13, 'Campbell', 'Kim', 'generaliste', 'kim_med@medico.com', '100439', '', 2, 30, 28);
INSERT INTO `mydb`.`medecin` (`idMedecin`, `nomMedecin`, `prenomMedecin`, `specMedecin`, `courrielMed`, `numProfession`, `typeFacturation`, `Medecin_idClinique`, `medecin_idAdresse`, `medecin_idUtilisateur`) VALUES (14, 'Harper', 'Stephen', 'resident', 'harper_ste@medic.ca', '110202', '', 3, 26, 33);
INSERT INTO `mydb`.`medecin` (`idMedecin`, `nomMedecin`, `prenomMedecin`, `specMedecin`, `courrielMed`, `numProfession`, `typeFacturation`, `Medecin_idClinique`, `medecin_idAdresse`, `medecin_idUtilisateur`) VALUES (15, 'Mulroney', 'Brian', 'famille', 'mulroney_med@gmail.com', '100280', '', 3, 35, 35);

COMMIT;


-- -----------------------------------------------------
-- Data for table `mydb`.`plageHoraire`
-- -----------------------------------------------------
START TRANSACTION;
USE `mydb`;
INSERT INTO `mydb`.`plageHoraire` (`idPlageHoraire`, `jourSemaine`, `heureDebut`, `heureFin`) VALUES (1, 'Lundi', '080000', '090000');
INSERT INTO `mydb`.`plageHoraire` (`idPlageHoraire`, `jourSemaine`, `heureDebut`, `heureFin`) VALUES (2, 'Lundi', '090000', '100000');
INSERT INTO `mydb`.`plageHoraire` (`idPlageHoraire`, `jourSemaine`, `heureDebut`, `heureFin`) VALUES (3, 'Lundi', '100000', '110000');
INSERT INTO `mydb`.`plageHoraire` (`idPlageHoraire`, `jourSemaine`, `heureDebut`, `heureFin`) VALUES (4, 'Lundi', '110000', '120000');
INSERT INTO `mydb`.`plageHoraire` (`idPlageHoraire`, `jourSemaine`, `heureDebut`, `heureFin`) VALUES (5, 'Lundi', '120000', '130000');
INSERT INTO `mydb`.`plageHoraire` (`idPlageHoraire`, `jourSemaine`, `heureDebut`, `heureFin`) VALUES (6, 'Lundi', '130000', '140000');
INSERT INTO `mydb`.`plageHoraire` (`idPlageHoraire`, `jourSemaine`, `heureDebut`, `heureFin`) VALUES (7, 'Lundi', '140000', '150000');
INSERT INTO `mydb`.`plageHoraire` (`idPlageHoraire`, `jourSemaine`, `heureDebut`, `heureFin`) VALUES (8, 'Lundi', '150000', '160000');
INSERT INTO `mydb`.`plageHoraire` (`idPlageHoraire`, `jourSemaine`, `heureDebut`, `heureFin`) VALUES (9, 'Lundi', '160000', '170000');
INSERT INTO `mydb`.`plageHoraire` (`idPlageHoraire`, `jourSemaine`, `heureDebut`, `heureFin`) VALUES (10, 'Lundi', '170000', '180000');
INSERT INTO `mydb`.`plageHoraire` (`idPlageHoraire`, `jourSemaine`, `heureDebut`, `heureFin`) VALUES (11, 'Lundi', '180000', '190000');
INSERT INTO `mydb`.`plageHoraire` (`idPlageHoraire`, `jourSemaine`, `heureDebut`, `heureFin`) VALUES (12, 'Mardi', '080000', '900000');
INSERT INTO `mydb`.`plageHoraire` (`idPlageHoraire`, `jourSemaine`, `heureDebut`, `heureFin`) VALUES (13, 'Mardi', '090000', '100000');
INSERT INTO `mydb`.`plageHoraire` (`idPlageHoraire`, `jourSemaine`, `heureDebut`, `heureFin`) VALUES (14, 'Mardi', '100000', '110000');
INSERT INTO `mydb`.`plageHoraire` (`idPlageHoraire`, `jourSemaine`, `heureDebut`, `heureFin`) VALUES (15, 'Mardi', '110000', '120000');
INSERT INTO `mydb`.`plageHoraire` (`idPlageHoraire`, `jourSemaine`, `heureDebut`, `heureFin`) VALUES (16, 'Mardi', '120000', '130000');
INSERT INTO `mydb`.`plageHoraire` (`idPlageHoraire`, `jourSemaine`, `heureDebut`, `heureFin`) VALUES (17, 'Mardi', '130000', '140000');
INSERT INTO `mydb`.`plageHoraire` (`idPlageHoraire`, `jourSemaine`, `heureDebut`, `heureFin`) VALUES (18, 'Mardi', '140000', '150000');
INSERT INTO `mydb`.`plageHoraire` (`idPlageHoraire`, `jourSemaine`, `heureDebut`, `heureFin`) VALUES (19, 'Mardi', '150000', '160000');
INSERT INTO `mydb`.`plageHoraire` (`idPlageHoraire`, `jourSemaine`, `heureDebut`, `heureFin`) VALUES (20, 'Mardi', '160000', '170000');
INSERT INTO `mydb`.`plageHoraire` (`idPlageHoraire`, `jourSemaine`, `heureDebut`, `heureFin`) VALUES (21, 'Mardi', '170000', '180000');
INSERT INTO `mydb`.`plageHoraire` (`idPlageHoraire`, `jourSemaine`, `heureDebut`, `heureFin`) VALUES (22, 'Mardi', '180000', '190000');
INSERT INTO `mydb`.`plageHoraire` (`idPlageHoraire`, `jourSemaine`, `heureDebut`, `heureFin`) VALUES (23, 'Mercredi', '080000', '090000');
INSERT INTO `mydb`.`plageHoraire` (`idPlageHoraire`, `jourSemaine`, `heureDebut`, `heureFin`) VALUES (24, 'Mercredi', '090000', '100000');
INSERT INTO `mydb`.`plageHoraire` (`idPlageHoraire`, `jourSemaine`, `heureDebut`, `heureFin`) VALUES (25, 'Mercredi', '100000', '110000');
INSERT INTO `mydb`.`plageHoraire` (`idPlageHoraire`, `jourSemaine`, `heureDebut`, `heureFin`) VALUES (26, 'Mercredi', '110000', '120000');
INSERT INTO `mydb`.`plageHoraire` (`idPlageHoraire`, `jourSemaine`, `heureDebut`, `heureFin`) VALUES (27, 'Mercredi', '120000', '130000');
INSERT INTO `mydb`.`plageHoraire` (`idPlageHoraire`, `jourSemaine`, `heureDebut`, `heureFin`) VALUES (28, 'Mercredi', '130000', '140000');
INSERT INTO `mydb`.`plageHoraire` (`idPlageHoraire`, `jourSemaine`, `heureDebut`, `heureFin`) VALUES (29, 'Mercredi', '140000', '150000');
INSERT INTO `mydb`.`plageHoraire` (`idPlageHoraire`, `jourSemaine`, `heureDebut`, `heureFin`) VALUES (30, 'Mercredi', '150000', '160000');
INSERT INTO `mydb`.`plageHoraire` (`idPlageHoraire`, `jourSemaine`, `heureDebut`, `heureFin`) VALUES (31, 'Mercredi', '160000', '170000');
INSERT INTO `mydb`.`plageHoraire` (`idPlageHoraire`, `jourSemaine`, `heureDebut`, `heureFin`) VALUES (32, 'Mercredi', '170000', '180000');
INSERT INTO `mydb`.`plageHoraire` (`idPlageHoraire`, `jourSemaine`, `heureDebut`, `heureFin`) VALUES (33, 'Jeudi', '080000', '090000');
INSERT INTO `mydb`.`plageHoraire` (`idPlageHoraire`, `jourSemaine`, `heureDebut`, `heureFin`) VALUES (34, 'Jeudi', '090000', '100000');
INSERT INTO `mydb`.`plageHoraire` (`idPlageHoraire`, `jourSemaine`, `heureDebut`, `heureFin`) VALUES (35, 'Jeudi', '100000', '110000');
INSERT INTO `mydb`.`plageHoraire` (`idPlageHoraire`, `jourSemaine`, `heureDebut`, `heureFin`) VALUES (36, 'Jeudi', '110000', '120000');
INSERT INTO `mydb`.`plageHoraire` (`idPlageHoraire`, `jourSemaine`, `heureDebut`, `heureFin`) VALUES (37, 'Jeudi', '120000', '130000');
INSERT INTO `mydb`.`plageHoraire` (`idPlageHoraire`, `jourSemaine`, `heureDebut`, `heureFin`) VALUES (38, 'Jeudi', '130000', '140000');
INSERT INTO `mydb`.`plageHoraire` (`idPlageHoraire`, `jourSemaine`, `heureDebut`, `heureFin`) VALUES (39, 'Jeudi', '140000', '150000');
INSERT INTO `mydb`.`plageHoraire` (`idPlageHoraire`, `jourSemaine`, `heureDebut`, `heureFin`) VALUES (40, 'Jeudi', '150000', '160000');
INSERT INTO `mydb`.`plageHoraire` (`idPlageHoraire`, `jourSemaine`, `heureDebut`, `heureFin`) VALUES (41, 'Jeudi', '160000', '170000');
INSERT INTO `mydb`.`plageHoraire` (`idPlageHoraire`, `jourSemaine`, `heureDebut`, `heureFin`) VALUES (42, 'Jeudi', '170000', '180000');
INSERT INTO `mydb`.`plageHoraire` (`idPlageHoraire`, `jourSemaine`, `heureDebut`, `heureFin`) VALUES (43, 'Jeudi', '180000', '190000');
INSERT INTO `mydb`.`plageHoraire` (`idPlageHoraire`, `jourSemaine`, `heureDebut`, `heureFin`) VALUES (44, 'Vendredi', '080000', '090000');
INSERT INTO `mydb`.`plageHoraire` (`idPlageHoraire`, `jourSemaine`, `heureDebut`, `heureFin`) VALUES (45, 'Vendredi', '090000', '100000');
INSERT INTO `mydb`.`plageHoraire` (`idPlageHoraire`, `jourSemaine`, `heureDebut`, `heureFin`) VALUES (46, 'Vendredi', '100000', '110000');
INSERT INTO `mydb`.`plageHoraire` (`idPlageHoraire`, `jourSemaine`, `heureDebut`, `heureFin`) VALUES (47, 'Vendredi', '110000', '120000');
INSERT INTO `mydb`.`plageHoraire` (`idPlageHoraire`, `jourSemaine`, `heureDebut`, `heureFin`) VALUES (48, 'Vendredi', '120000', '130000');
INSERT INTO `mydb`.`plageHoraire` (`idPlageHoraire`, `jourSemaine`, `heureDebut`, `heureFin`) VALUES (49, 'Vendredi', '1300', '140000');
INSERT INTO `mydb`.`plageHoraire` (`idPlageHoraire`, `jourSemaine`, `heureDebut`, `heureFin`) VALUES (50, 'Vendredi', '1400', '150000');
INSERT INTO `mydb`.`plageHoraire` (`idPlageHoraire`, `jourSemaine`, `heureDebut`, `heureFin`) VALUES (51, 'Vendredi', '150000', '160000');
INSERT INTO `mydb`.`plageHoraire` (`idPlageHoraire`, `jourSemaine`, `heureDebut`, `heureFin`) VALUES (52, 'Vendredi', '160000', '170000');
INSERT INTO `mydb`.`plageHoraire` (`idPlageHoraire`, `jourSemaine`, `heureDebut`, `heureFin`) VALUES (53, 'Vendredi', '170000', '180000');
INSERT INTO `mydb`.`plageHoraire` (`idPlageHoraire`, `jourSemaine`, `heureDebut`, `heureFin`) VALUES (54, 'Vendredi', '180000', '190000');
INSERT INTO `mydb`.`plageHoraire` (`idPlageHoraire`, `jourSemaine`, `heureDebut`, `heureFin`) VALUES (55, 'Samedi', '080000', '090000');
INSERT INTO `mydb`.`plageHoraire` (`idPlageHoraire`, `jourSemaine`, `heureDebut`, `heureFin`) VALUES (56, 'Samedi', '090000', '100000');
INSERT INTO `mydb`.`plageHoraire` (`idPlageHoraire`, `jourSemaine`, `heureDebut`, `heureFin`) VALUES (57, 'Samedi', '100000', '110000');
INSERT INTO `mydb`.`plageHoraire` (`idPlageHoraire`, `jourSemaine`, `heureDebut`, `heureFin`) VALUES (58, 'Samedi', '110000', '120000');
INSERT INTO `mydb`.`plageHoraire` (`idPlageHoraire`, `jourSemaine`, `heureDebut`, `heureFin`) VALUES (59, 'Samedi', '120000', '130000');
INSERT INTO `mydb`.`plageHoraire` (`idPlageHoraire`, `jourSemaine`, `heureDebut`, `heureFin`) VALUES (60, 'Samedi', '130000', '140000');
INSERT INTO `mydb`.`plageHoraire` (`idPlageHoraire`, `jourSemaine`, `heureDebut`, `heureFin`) VALUES (61, 'Samedi', '140000', '150000');
INSERT INTO `mydb`.`plageHoraire` (`idPlageHoraire`, `jourSemaine`, `heureDebut`, `heureFin`) VALUES (62, 'Samedi', '150000', '160000');
INSERT INTO `mydb`.`plageHoraire` (`idPlageHoraire`, `jourSemaine`, `heureDebut`, `heureFin`) VALUES (63, 'Samedi', '160000', '170000');
INSERT INTO `mydb`.`plageHoraire` (`idPlageHoraire`, `jourSemaine`, `heureDebut`, `heureFin`) VALUES (64, 'Samedi', '170000', '180000');
INSERT INTO `mydb`.`plageHoraire` (`idPlageHoraire`, `jourSemaine`, `heureDebut`, `heureFin`) VALUES (65, 'Samedi', '180000', '190000');
INSERT INTO `mydb`.`plageHoraire` (`idPlageHoraire`, `jourSemaine`, `heureDebut`, `heureFin`) VALUES (66, 'Dimanche', '080000', '090000');
INSERT INTO `mydb`.`plageHoraire` (`idPlageHoraire`, `jourSemaine`, `heureDebut`, `heureFin`) VALUES (67, 'Dimanche', '090000', '100000');
INSERT INTO `mydb`.`plageHoraire` (`idPlageHoraire`, `jourSemaine`, `heureDebut`, `heureFin`) VALUES (68, 'Dimanche', '100000', '110000');
INSERT INTO `mydb`.`plageHoraire` (`idPlageHoraire`, `jourSemaine`, `heureDebut`, `heureFin`) VALUES (69, 'Dimanche', '110000', '120000');
INSERT INTO `mydb`.`plageHoraire` (`idPlageHoraire`, `jourSemaine`, `heureDebut`, `heureFin`) VALUES (70, 'Dimanche', '120000', '130000');
INSERT INTO `mydb`.`plageHoraire` (`idPlageHoraire`, `jourSemaine`, `heureDebut`, `heureFin`) VALUES (71, 'Dimanche', '130000', '140000');
INSERT INTO `mydb`.`plageHoraire` (`idPlageHoraire`, `jourSemaine`, `heureDebut`, `heureFin`) VALUES (72, 'Dimanche', '140000', '150000');
INSERT INTO `mydb`.`plageHoraire` (`idPlageHoraire`, `jourSemaine`, `heureDebut`, `heureFin`) VALUES (73, 'Dimanche', '150000', '160000');
INSERT INTO `mydb`.`plageHoraire` (`idPlageHoraire`, `jourSemaine`, `heureDebut`, `heureFin`) VALUES (74, 'Dimanche', '160000', '170000');
INSERT INTO `mydb`.`plageHoraire` (`idPlageHoraire`, `jourSemaine`, `heureDebut`, `heureFin`) VALUES (75, 'Dimanche', '170000', '180000');

COMMIT;


-- -----------------------------------------------------
-- Data for table `mydb`.`services`
-- -----------------------------------------------------
START TRANSACTION;
USE `mydb`;
INSERT INTO `mydb`.`services` (`idservices`, `typeServices`) VALUES (1, 'Medecin de famille');
INSERT INTO `mydb`.`services` (`idservices`, `typeServices`) VALUES (2, 'Generaliste');
INSERT INTO `mydb`.`services` (`idservices`, `typeServices`) VALUES (3, 'Prise de sang');
INSERT INTO `mydb`.`services` (`idservices`, `typeServices`) VALUES (4, 'Radiographie');
INSERT INTO `mydb`.`services` (`idservices`, `typeServices`) VALUES (5, 'Echographie');
INSERT INTO `mydb`.`services` (`idservices`, `typeServices`) VALUES (6, 'Specialiste');
INSERT INTO `mydb`.`services` (`idservices`, `typeServices`) VALUES (7, 'Chirurgie');
INSERT INTO `mydb`.`services` (`idservices`, `typeServices`) VALUES (8, 'Pediatrie');

COMMIT;


-- -----------------------------------------------------
-- Data for table `mydb`.`Medecin_Disponibilite`
-- -----------------------------------------------------
START TRANSACTION;
USE `mydb`;
INSERT INTO `mydb`.`Medecin_Disponibilite` (`idDisponibilite`, `MD_idMedecin`, `MD_idPlageHoraire`, `statutDispo`, `MD_idServices`) VALUES (1, 3, 5, 'OUI', 5);
INSERT INTO `mydb`.`Medecin_Disponibilite` (`idDisponibilite`, `MD_idMedecin`, `MD_idPlageHoraire`, `statutDispo`, `MD_idServices`) VALUES (2, 4, 3, 'NON', 3);
INSERT INTO `mydb`.`Medecin_Disponibilite` (`idDisponibilite`, `MD_idMedecin`, `MD_idPlageHoraire`, `statutDispo`, `MD_idServices`) VALUES (3, 5, 6, 'OUI', 4);
INSERT INTO `mydb`.`Medecin_Disponibilite` (`idDisponibilite`, `MD_idMedecin`, `MD_idPlageHoraire`, `statutDispo`, `MD_idServices`) VALUES (4, 4, 2, 'OUI', 1);
INSERT INTO `mydb`.`Medecin_Disponibilite` (`idDisponibilite`, `MD_idMedecin`, `MD_idPlageHoraire`, `statutDispo`, `MD_idServices`) VALUES (5, 2, 6, 'NON', 6);
INSERT INTO `mydb`.`Medecin_Disponibilite` (`idDisponibilite`, `MD_idMedecin`, `MD_idPlageHoraire`, `statutDispo`, `MD_idServices`) VALUES (6, 6, 3, 'NON', 2);

COMMIT;


-- -----------------------------------------------------
-- Data for table `mydb`.`rendezvous`
-- -----------------------------------------------------
START TRANSACTION;
USE `mydb`;
INSERT INTO `mydb`.`rendezvous` (`idRendezvous`, `dateRdv`, `raisonRdv`, `detailsRdv`, `RDV_idPatient`, `RDV_idMedecin`, `RDV_idClinique`, `RDV_idDisponibilite`) VALUES (1, '2024-01-28', 'Blessure', 'Blessure superficielle', 18, 6, 1, 3);
INSERT INTO `mydb`.`rendezvous` (`idRendezvous`, `dateRdv`, `raisonRdv`, `detailsRdv`, `RDV_idPatient`, `RDV_idMedecin`, `RDV_idClinique`, `RDV_idDisponibilite`) VALUES (2, '2024-01-23', 'Echographie', 'Suivi grossesse', 4, 2, 2, 1);
INSERT INTO `mydb`.`rendezvous` (`idRendezvous`, `dateRdv`, `raisonRdv`, `detailsRdv`, `RDV_idPatient`, `RDV_idMedecin`, `RDV_idClinique`, `RDV_idDisponibilite`) VALUES (3, '2024-02-21', 'Prise de sang', 'Suivi diabete', 11, 4, 3, 5);
INSERT INTO `mydb`.`rendezvous` (`idRendezvous`, `dateRdv`, `raisonRdv`, `detailsRdv`, `RDV_idPatient`, `RDV_idMedecin`, `RDV_idClinique`, `RDV_idDisponibilite`) VALUES (4, '2024-03-07', 'Vaccination', 'Vaccination', 9, 2, 3, 4);
INSERT INTO `mydb`.`rendezvous` (`idRendezvous`, `dateRdv`, `raisonRdv`, `detailsRdv`, `RDV_idPatient`, `RDV_idMedecin`, `RDV_idClinique`, `RDV_idDisponibilite`) VALUES (5, '2024-03-28', 'Suivi general', 'Examen general', 6, 5, 5, 6);

COMMIT;


-- -----------------------------------------------------
-- Data for table `mydb`.`fichiers`
-- -----------------------------------------------------
START TRANSACTION;
USE `mydb`;
INSERT INTO `mydb`.`fichiers` (`idfichiers`, `dateFichier`, `typeFichier`, `fichier_idPatient`, `fichier_idMedecin`) VALUES (1, '2023-02-19', 'document', 2, 2);
INSERT INTO `mydb`.`fichiers` (`idfichiers`, `dateFichier`, `typeFichier`, `fichier_idPatient`, `fichier_idMedecin`) VALUES (2, '2023-12-15', 'document', 18, 5);
INSERT INTO `mydb`.`fichiers` (`idfichiers`, `dateFichier`, `typeFichier`, `fichier_idPatient`, `fichier_idMedecin`) VALUES (3, '2023-10-09', 'document', 8, 2);
INSERT INTO `mydb`.`fichiers` (`idfichiers`, `dateFichier`, `typeFichier`, `fichier_idPatient`, `fichier_idMedecin`) VALUES (4, '2023-08-22', 'radiographie', 16, 5);
INSERT INTO `mydb`.`fichiers` (`idfichiers`, `dateFichier`, `typeFichier`, `fichier_idPatient`, `fichier_idMedecin`) VALUES (5, '2023-03-13', 'resultats examen', 15, 6);
INSERT INTO `mydb`.`fichiers` (`idfichiers`, `dateFichier`, `typeFichier`, `fichier_idPatient`, `fichier_idMedecin`) VALUES (6, '2023-11-19', 'infolettre', 12, 3);
INSERT INTO `mydb`.`fichiers` (`idfichiers`, `dateFichier`, `typeFichier`, `fichier_idPatient`, `fichier_idMedecin`) VALUES (7, '2023-08-16', 'radiographie', 11, 8);
INSERT INTO `mydb`.`fichiers` (`idfichiers`, `dateFichier`, `typeFichier`, `fichier_idPatient`, `fichier_idMedecin`) VALUES (8, '2023-07-23', 'resultats examen', 18, 6);

COMMIT;


-- -----------------------------------------------------
-- Data for table `mydb`.`admin`
-- -----------------------------------------------------
START TRANSACTION;
USE `mydb`;
INSERT INTO `mydb`.`admin` (`idadmin`, `nomAdmin`, `prenomAdmin`, `admin_idUtilisateur`) VALUES (1, 'Kettleman', 'Jarvis', 16);
INSERT INTO `mydb`.`admin` (`idadmin`, `nomAdmin`, `prenomAdmin`, `admin_idUtilisateur`) VALUES (2, 'Maersk', 'Elon', 17);
INSERT INTO `mydb`.`admin` (`idadmin`, `nomAdmin`, `prenomAdmin`, `admin_idUtilisateur`) VALUES (3, 'Doorman', 'Karen', 18);
INSERT INTO `mydb`.`admin` (`idadmin`, `nomAdmin`, `prenomAdmin`, `admin_idUtilisateur`) VALUES (4, 'Vincent', 'Michel', 19);
INSERT INTO `mydb`.`admin` (`idadmin`, `nomAdmin`, `prenomAdmin`, `admin_idUtilisateur`) VALUES (5, 'Lewis', 'Julia', 20);

COMMIT;


-- -----------------------------------------------------
-- Data for table `mydb`.`Messages`
-- -----------------------------------------------------
START TRANSACTION;
USE `mydb`;
INSERT INTO `mydb`.`Messages` (`idMessages`, `dateMessage`, `idExpediteur`, `idDestinataire`, `sujet`, `contenu`, `fichier_adjoint`, `Statutouvert`, `statutSupprime`) VALUES (1, '2024-02-08', 22, 24, 'Bienvenue', 'Bonjour, bienvenue à l\'application Santé pour Tous', NULL, 0, 0);
INSERT INTO `mydb`.`Messages` (`idMessages`, `dateMessage`, `idExpediteur`, `idDestinataire`, `sujet`, `contenu`, `fichier_adjoint`, `Statutouvert`, `statutSupprime`) VALUES (2, '2023-12-16', 28, 22, 'Communiqué', 'Changement des horaires de la clinique...', 8, 1, 0);
INSERT INTO `mydb`.`Messages` (`idMessages`, `dateMessage`, `idExpediteur`, `idDestinataire`, `sujet`, `contenu`, `fichier_adjoint`, `Statutouvert`, `statutSupprime`) VALUES (3, '2023-12-06', 25, 13, 'Communiqué', 'Avis général..', NULL, 1, 1);
INSERT INTO `mydb`.`Messages` (`idMessages`, `dateMessage`, `idExpediteur`, `idDestinataire`, `sujet`, `contenu`, `fichier_adjoint`, `Statutouvert`, `statutSupprime`) VALUES (4, '2023-12-11', 17, 12, 'Formulaire', 'Voici le formulaire', NULL, 0, 0);
INSERT INTO `mydb`.`Messages` (`idMessages`, `dateMessage`, `idExpediteur`, `idDestinataire`, `sujet`, `contenu`, `fichier_adjoint`, `Statutouvert`, `statutSupprime`) VALUES (5, '2024-01-24', 36, 23, 'Communiqué', 'Avis à tous nos usagers...', 3, 1, 0);
INSERT INTO `mydb`.`Messages` (`idMessages`, `dateMessage`, `idExpediteur`, `idDestinataire`, `sujet`, `contenu`, `fichier_adjoint`, `Statutouvert`, `statutSupprime`) VALUES (6, '2024-01-14', 15, 9, 'Votre rendez-vous', 'Bonjour, votre rendez vous...', 5, 1, 0);
INSERT INTO `mydb`.`Messages` (`idMessages`, `dateMessage`, `idExpediteur`, `idDestinataire`, `sujet`, `contenu`, `fichier_adjoint`, `Statutouvert`, `statutSupprime`) VALUES (7, '2023-11-30', 11, 32, 'Rendez vous annulé', 'Bonjour, nous tenons à informer...', NULL, 1, 1);
INSERT INTO `mydb`.`Messages` (`idMessages`, `dateMessage`, `idExpediteur`, `idDestinataire`, `sujet`, `contenu`, `fichier_adjoint`, `Statutouvert`, `statutSupprime`) VALUES (8, '2023-11-27', 4, 28, 'Communiqué', 'Fermeture de l\'application pour maintenance..', 2, 1, 1);

COMMIT;

